NOMBRE,ALCALDIA,SISTEMA,LINEA,lng,lat
Central del Norte,Gustavo A. Madero,STE Trolebús,01,485267.34594351857,2.153881996701361e6
CCH Vallejo,Gustavo A. Madero,STE Trolebús,01,485080.80904211017,2.15438002518362e6
Instituto del Petróleo N,Gustavo A. Madero,STE Trolebús,01,484890.66416371305,2.154900032643422e6
Montevideo,Gustavo A. Madero,STE Trolebús,01,484710.935941712,2.155379855527951e6
U.H. Lindavista-Vallejo,Gustavo A. Madero,STE Trolebús,01,484650.91273538524,2.155292782218303e6
Instituto del Petróleo S,Gustavo A. Madero,STE Trolebús,01,484799.6529471396,2.1548986161915706e6
Poniente 128,Gustavo A. Madero,STE Trolebús,01,484863.1494547744,2.1547254230208253e6
Tesoreria,Gustavo A. Madero,STE Trolebús,01,484929.2088850882,2.15454633504555e6
Poniente 118,Gustavo A. Madero,STE Trolebús,01,485133.0838162303,2.1540034645193387e6
Poniente 112,Gustavo A. Madero,STE Trolebús,01,485266.28830954776,2.153647805166905e6
Poniente 106,Gustavo A. Madero,STE Trolebús,01,485441.1032285171,2.1531841049721143e6
La Raza,Gustavo A. Madero,STE Trolebús,01,485649.9050775723,2.1527983712265687e6
Río Consulado,Gustavo A. Madero,STE Trolebús,01,485560.4674131148,2.15235150122948e6
Felipe Villanueva,Cuauhtémoc,STE Trolebús,01,485556.84642805456,2.1521544973118e6
Chopin,Cuauhtémoc,STE Trolebús,01,485544.348623325,2.1518614767424376e6
Granados,Cuauhtémoc,STE Trolebús,01,485525.59198047867,2.15146262901091e6
Manuel González,Cuauhtémoc,STE Trolebús,01,485479.57356844144,2.1512008471246175e6
Flores Magón,Cuauhtémoc,STE Trolebús,01,485466.23528557486,2.1506472461885423e6
Luna,Cuauhtémoc,STE Trolebús,01,485431.7993455356,2.150403712493794e6
República de Perú,Cuauhtémoc,STE Trolebús,01,485297.2105505651,2.1495125096052634e6
Bellas Artes,Cuauhtémoc,STE Trolebús,01,485251.4436062893,2.14920167062973e6
Independencia,Cuauhtémoc,STE Trolebús,01,485182.19690706785,2.148748236747931e6
República de Ururguay,Cuauhtémoc,STE Trolebús,01,485156.2642435805,2.1485686349622826e6
Vizcaínas,Cuauhtémoc,STE Trolebús,01,485124.0222934723,2.148330654586417e6
Salto del Agua,Cuauhtémoc,STE Trolebús,01,485093.47108880075,2.1481241369069056e6
Fray Servando Teresa de Mier,Cuauhtémoc,STE Trolebús,01,485033.11811545014,2.1478551180515666e6
Dr. Pascua,Cuauhtémoc,STE Trolebús,01,484969.5729731291,2.147579286320506e6
Doctores,Cuauhtémoc,STE Trolebús,01,484954.6253376661,2.1474283202697365e6
Monumento a Lázaro Cárdenas,Cuauhtémoc,STE Trolebús,01,484933.0284970915,2.14721019950149e6
Manuel José Othón,Cuauhtémoc,STE Trolebús,01,484886.3138258499,2.1467319887566976e6
Obrera,Cuauhtémoc,STE Trolebús,01,484858.0209442498,2.1464421228958312e6
Lázaro Cárdenas,Cuauhtémoc,STE Trolebús,01,484809.3777099236,2.1459370593390483e6
Viaducto,Benito Juárez,STE Trolebús,01,484758.96611600654,2.1454261886883164e6
Morena,Benito Juárez,STE Trolebús,01,484698.339241703,2.144911113188457e6
Centro SCOP,Benito Juárez,STE Trolebús,01,484658.1337681139,2.1445877597405748e6
Cumbres de Acultzingo,Benito Juárez,STE Trolebús,01,484621.470116546,2.144293768883944e6
Luz Saviñón,Benito Juárez,STE Trolebús,01,484584.9142424428,2.143997498541511e6
Cumbres de Maltrata,Benito Juárez,STE Trolebús,01,484545.9183872913,2.1436801112843035e6
Eugenia,Benito Juárez,STE Trolebús,01,484510.0184288232,2.1433509607987665e6
Ángel Urraza,Benito Juárez,STE Trolebús,01,484446.5941252008,2.1428788354176865e6
Matías Romero,Benito Juárez,STE Trolebús,01,484401.8781130231,2.142641739207921e6
Miguel Laurent,Benito Juárez,STE Trolebús,01,484306.4126602221,2.1421241238035434e6
Municipio Libre,Benito Juárez,STE Trolebús,01,484237.9244803094,2.1417270669590128e6
Emiliano Zapata,Benito Juárez,STE Trolebús,01,484174.77737816004,2.1413428317051316e6
Popocatépetl,Benito Juárez,STE Trolebús,01,484102.9091030489,2.140906034430276e6
Ajusco,Benito Juárez,STE Trolebús,01,483989.6543752721,2.1405191489628414e6
Xicoténcatl,Coyoacán,STE Trolebús,01,483997.14154498925,2.140081203047773e6
Hidalgo,Coyoacán,STE Trolebús,01,484084.6013613062,2.139755519847754e6
América,Coyoacán,STE Trolebús,01,484258.915774287,2.1391066505060736e6
Central,Coyoacán,STE Trolebús,01,484510.11504671216,2.138714340316353e6
Cerro Huitzilac,Coyoacán,STE Trolebús,01,485143.3809062552,2.1386287132023205e6
Central del Sur,Coyoacán,STE Trolebús,01,485391.0122832443,2.1385762166557335e6
Tasqueña,Coyoacán,STE Trolebús,01,485210.15122725646,2.138644434150059e6
División del Norte,Coyoacán,STE Trolebús,01,484393.60387284186,2.1387577337893303e6
América,Coyoacán,STE Trolebús,01,484302.14193503023,2.139033506185187e6
Irlanda,Coyoacán,STE Trolebús,01,484166.9117055574,2.1395371778960987e6
Xicoténcatl,Coyoacán,STE Trolebús,01,484013.8979818983,2.1401054652406992e6
Churubusco,Coyoacán,STE Trolebús,01,483956.7506313875,2.1403305604260443e6
Ajusco,Benito Juárez,STE Trolebús,01,484059.01230366953,2.140567050348912e6
Popocatepetl,Benito Juárez,STE Trolebús,01,484115.8120736607,2.1408840950323436e6
Emiliano Zapata,Benito Juárez,STE Trolebús,01,484195.3394737186,2.1413673845731425e6
Municipio Libre,Benito Juárez,STE Trolebús,01,484239.96707400685,2.1416396308576325e6
Miguel Laurent,Benito Juárez,STE Trolebús,01,484313.22935445036,2.142080438188797e6
Ángel Urraza,Benito Juárez,STE Trolebús,01,484437.9881459282,2.1427474031678704e6
Kiff,Benito Juárez,STE Trolebús,01,484486.80109995743,2.1430056067034644e6
Eugenia,Benito Juárez,STE Trolebús,01,484526.4555217327,2.143349253411373e6
Cumbres de Maltrata,Benito Juárez,STE Trolebús,01,484548.5670526691,2.143553978824334e6
Luz Saviñón,Benito Juárez,STE Trolebús,01,484579.6628333887,2.1438255503629404e6
Cumbres de Acultzingo,Benito Juárez,STE Trolebús,01,484632.5659452765,2.144250838599045e6
Centro SCOP,Benito Juárez,STE Trolebús,01,484660.1996347677,2.144474185350985e6
Morena,Benito Juárez,STE Trolebús,01,484708.211857271,2.144862951431771e6
Viaducto,Benito Juárez,STE Trolebús,01,484778.7332983713,2.145463350317037e6
Lázaro Cárdenas,Cuauhtémoc,STE Trolebús,01,484818.0809933039,2.145866265064335e6
Antonio Solís,Cuauhtémoc,STE Trolebús,01,484846.82393681095,2.1461617497318494e6
Obrera,Cuauhtémoc,STE Trolebús,01,484882.38317369035,2.1465273076046463e6
Manuel José Othón,Cuauhtémoc,STE Trolebús,01,484904.04153709405,2.146751442579989e6
Monumento a Lázaro Cárdenas,Cuauhtémoc,STE Trolebús,01,484931.1435439688,2.1470306900346205e6
Doctores,Cuauhtémoc,STE Trolebús,01,484972.27734293806,2.1474472349111144e6
Fray Servando Teresa de Mier,Cuauhtémoc,STE Trolebús,01,485033.57324420364,2.147788355654201e6
Salto del Agua,Cuauhtémoc,STE Trolebús,01,485086.7105490935,2.1480056608843855e6
Vizcaínas,Cuauhtémoc,STE Trolebús,01,485134.00647580955,2.1482788050412154e6
República De Uruguay,Cuauhtémoc,STE Trolebús,01,485167.0444818884,2.1485266096285284e6
Francisco I. Madero,Cuauhtémoc,STE Trolebús,01,485213.8737844071,2.1488508217334957e6
Bellas Artes,Cuauhtémoc,STE Trolebús,01,485260.25693643827,2.1491599393884107e6
República de Perú,Cuauhtémoc,STE Trolebús,01,485301.8825627952,2.149434462963718e6
Luna,Cuauhtémoc,STE Trolebús,01,485439.9506823124,2.1503614286225364e6
Flores Magón,Cuauhtémoc,STE Trolebús,01,485466.6893347464,2.1505309132093214e6
Manuel González,Cuauhtémoc,STE Trolebús,01,485485.12887939706,2.1510697421953417e6
Granados,Cuauhtémoc,STE Trolebús,01,485539.5767221363,2.151415144316224e6
Chopin,Cuauhtémoc,STE Trolebús,01,485558.4366843041,2.151802186978463e6
Felipe Villanueva,Cuauhtémoc,STE Trolebús,01,485574.61249427765,2.1521902597616864e6
Río Consulado,Gustavo A. Madero,STE Trolebús,01,485585.84577248426,2.1523880993299508e6
Poniente 112,Gustavo A. Madero,STE Trolebús,01,485394.126790458,2.1535456923619676e6
Velódromo,Venustiano Carranza,STE Trolebús,02,489016.885897766,2.146064987371473e6
Fernando Iglesias,Venustiano Carranza,STE Trolebús,02,488557.79337856174,2.146019643334761e6
Mixiuhca,Venustiano Carranza,STE Trolebús,02,488184.5618332371,2.146021978003754e6
Industria,Venustiano Carranza,STE Trolebús,02,487854.19809194,2.146056097717708e6
Congreso de la Unión,Venustiano Carranza,STE Trolebús,02,487261.4745136356,2.1461154803836355e6
Jamaica,Venustiano Carranza,STE Trolebús,02,487235.6796497728,2.146323055769256e6
Del Taller,Venustiano Carranza,STE Trolebús,02,487266.67056667135,2.1466004296601866e6
Torno,Venustiano Carranza,STE Trolebús,02,486955.61868336675,2.14660160229451e6
Calzada de La Viga,Venustiano Carranza,STE Trolebús,02,486605.24514019536,2.1465884992631725e6
Clavijero,Cuauhtémoc,STE Trolebús,02,486298.57112373883,2.146575511486478e6
Tlalpan,Cuauhtémoc,STE Trolebús,02,486000.1403281801,2.146566856297073e6
5 De Febrero,Cuauhtémoc,STE Trolebús,02,485629.0661886667,2.1466870319782766e6
Isabel La  Católica,Cuauhtémoc,STE Trolebús,02,485472.55620560545,2.146735881386064e6
Bolívar,Cuauhtémoc,STE Trolebús,02,485211.5494476835,2.146754596707923e6
Eje Central,Cuauhtémoc,STE Trolebús,02,484935.6084566573,2.14677438287937e6
Dr. Andrade,Cuauhtémoc,STE Trolebús,02,484638.61316353816,2.146797882952889e6
Dr. Vértiz,Cuauhtémoc,STE Trolebús,02,484478.31344372896,2.146810679619172e6
Niños Héroes,Cuauhtémoc,STE Trolebús,02,484192.5786138854,2.1468332892698445e6
Dr. Lucio,Cuauhtémoc,STE Trolebús,02,483990.01208402764,2.1468492836580668e6
Cuauhtémoc,Cuauhtémoc,STE Trolebús,02,483738.3801019666,2.1468573837440386e6
Mérida,Cuauhtémoc,STE Trolebús,02,483579.87574179476,2.1468247427341742e6
Orizaba,Cuauhtémoc,STE Trolebús,02,483329.4240848626,2.1467731668974236e6
Tonalá,Cuauhtémoc,STE Trolebús,02,483029.2531694952,2.14671135230886e6
Monterrey,Cuauhtémoc,STE Trolebús,02,482888.1896466236,2.1466823029133948e6
Insurgentes Sur,Cuauhtémoc,STE Trolebús,02,482659.1623047719,2.146810416997884e6
Álvaro Obregón,Cuauhtémoc,STE Trolebús,02,482467.7740380823,2.1469295962527073e6
Sonora,Cuauhtémoc,STE Trolebús,02,482169.6362432716,2.1468795520533742e6
Durango,Cuauhtémoc,STE Trolebús,02,481952.5198116703,2.1471453897260916e6
Chapultepec,Cuauhtémoc,STE Trolebús,02,481589.63627176854,2.1473699804695477e6
Sonora,Cuauhtémoc,STE Trolebús,02,481805.0589952976,2.147246834457086e6
Parque España,Cuauhtémoc,STE Trolebús,02,482085.5229048743,2.1469399034028947e6
Cacahuamilpa,Cuauhtémoc,STE Trolebús,02,482401.03010967816,2.146933614117189e6
Insurgentes Sur,Cuauhtémoc,STE Trolebús,02,482588.372099972,2.146838111015308e6
Querétaro,Cuauhtémoc,STE Trolebús,02,482817.1325975774,2.146696151810678e6
Tonalá,Cuauhtémoc,STE Trolebús,02,483022.1995416014,2.146607394769238e6
Orizaba,Cuauhtémoc,STE Trolebús,02,483319.9925594093,2.1466689625997385e6
Mérida,Cuauhtémoc,STE Trolebús,02,483568.54467311123,2.1467202926908336e6
Cuauhtémoc,Cuauhtémoc,STE Trolebús,02,483722.9926206927,2.1467519108466823e6
Dr. Lucio,Cuauhtémoc,STE Trolebús,02,483929.0985011857,2.1467483860156047e6
Dr. Jiménez,Cuauhtémoc,STE Trolebús,02,484253.01516628964,2.146721486410384e6
Dr. Vértiz,Cuauhtémoc,STE Trolebús,02,484405.81884050096,2.146709893166409e6
Dr. Andrade,Cuauhtémoc,STE Trolebús,02,484580.2886867078,2.1466959472203697e6
Eje Central,Cuauhtémoc,STE Trolebús,02,484867.18311675615,2.146672873628423e6
Bolívar,Cuauhtémoc,STE Trolebús,02,485153.59631135873,2.146649838740017e6
Isabel La Católica,Cuauhtémoc,STE Trolebús,02,485403.36978198367,2.1466295831332197e6
5 De Febrero,Cuauhtémoc,STE Trolebús,02,485613.12933428993,2.1466125692273406e6
José Antonio Torres,Cuauhtémoc,STE Trolebús,02,486089.8323555628,2.1464243897515363e6
Clavijero,Cuauhtémoc,STE Trolebús,02,486243.2481528252,2.1464230036666514e6
Calzada de La Viga,Cuauhtémoc,STE Trolebús,02,486473.4401714433,2.146569533679884e6
Callejón Resurrección,Venustiano Carranza,STE Trolebús,02,486753.7100199124,2.1465840137723815e6
Torno,Venustiano Carranza,STE Trolebús,02,486919.2055161218,2.1465900589452125e6
Congreso de la Unión,Venustiano Carranza,STE Trolebús,02,487188.35972550337,2.1465999223816614e6
Cucurpe,Venustiano Carranza,STE Trolebús,02,487618.7235578044,2.146628149342266e6
Aconchi,Venustiano Carranza,STE Trolebús,02,487823.0734444683,2.1466376658400665e6
Antonio Peña y Reyes,Venustiano Carranza,STE Trolebús,02,488557.77089119446,2.146558415090762e6
Fernando Iglesias,Venustiano Carranza,STE Trolebús,02,488850.76907958573,2.146526625480832e6
Retorno 39,Venustiano Carranza,STE Trolebús,02,489162.96019525075,2.1464395738468263e6
Genaro García,Venustiano Carranza,STE Trolebús,02,489364.8398300347,2.1463513431861564e6
Ramadés Treviño,Venustiano Carranza,STE Trolebús,02,489147.91496851586,2.1463319835143867e6
Museo de Transportes Eléctricos,Iztapalapa,STE Trolebús,03,486003.3667942318,2.1413782343346598e6
Plutarco Elías Calles,Iztapalapa,STE Trolebús,03,485587.1101826405,2.1414635808719974e6
Miravalle,Benito Juárez,STE Trolebús,03,485388.1741767535,2.141502143692407e6
Bélgica,Benito Juárez,STE Trolebús,03,484787.373876808,2.1416100427483395e6
Eje Central,Benito Juárez,STE Trolebús,03,484288.2958956683,2.1416935075061577e6
Tokio,Benito Juárez,STE Trolebús,03,483994.5899461707,2.141741698837451e6
Dr. Vertiz,Benito Juárez,STE Trolebús,03,483739.2372539972,2.141783538475451e6
División del Norte,Benito Juárez,STE Trolebús,03,483572.33089583874,2.1418108861471983e6
Parque de Los Venados,Benito Juárez,STE Trolebús,03,483355.4327114417,2.14184776400088e6
Cuauhtémoc,Benito Juárez,STE Trolebús,03,483158.03384412726,2.1418792018356817e6
Zapata I,Benito Juárez,STE Trolebús,03,482723.54312204,2.141848275007855e6
Zapata II,Benito Juárez,STE Trolebús,03,482654.3144837571,2.1418627484476967e6
Aniceto Ortega,Benito Juárez,STE Trolebús,03,482469.28335925034,2.1419060844602594e6
Hospital 20 De Noviembre,Benito Juárez,STE Trolebús,03,482075.7350912518,2.141997929424107e6
Moras,Benito Juárez,STE Trolebús,03,481748.9102998534,2.1420742588254353e6
Adolfo Prieto,Benito Juárez,STE Trolebús,03,481924.51521636476,2.142033242248807e6
San Francisco,Benito Juárez,STE Trolebús,03,481529.22137523454,2.142121537779996e6
Insurgentes Sur,Benito Juárez,STE Trolebús,03,481261.0004318804,2.142182272333746e6
Jerez,Benito Juárez,STE Trolebús,03,480910.61803194956,2.142268358049595e6
Poussin,Benito Juárez,STE Trolebús,03,480520.0146468448,2.1423773127113823e6
Mixcoac Norte,Benito Juárez,STE Trolebús,03,480257.89642124134,2.142456296242081e6
Mixcoac Sur,Benito Juárez,STE Trolebús,03,480260.9549918355,2.142425660020997e6
Patriotismo,Benito Juárez,STE Trolebús,03,480365.9735983376,2.1424067332606707e6
Poussin,Benito Juárez,STE Trolebús,03,480513.95864514983,2.142363892551867e6
Augusto Rodín,Benito Juárez,STE Trolebús,03,480745.76819402457,2.142296764976142e6
Santander,Benito Juárez,STE Trolebús,03,481164.7307501322,2.142191801282425e6
Insurgentes Sur,Benito Juárez,STE Trolebús,03,481244.8518541243,2.142170808769216e6
San Francisco,Benito Juárez,STE Trolebús,03,481541.0891258586,2.14210451662557e6
Moras,Benito Juárez,STE Trolebús,03,481730.98696364596,2.142062182746325e6
Hospital 20 De Noviembre,Benito Juárez,STE Trolebús,03,482034.27375601954,2.1419921291205655e6
Gabriel Mancera,Benito Juárez,STE Trolebús,03,482282.58650625567,2.141934344779283e6
Aniceto Ortega,Benito Juárez,STE Trolebús,03,482480.9463400652,2.14188787889293e6
Zapata 2,Benito Juárez,STE Trolebús,03,482633.9658768086,2.141851884446195e6
Zapata 1,Benito Juárez,STE Trolebús,03,482722.4517197048,2.1418292091436516e6
Cuauhtémoc,Benito Juárez,STE Trolebús,03,483002.14693994087,2.141690865601037e6
Uxmal,Benito Juárez,STE Trolebús,03,483249.20973097096,2.141497438470198e6
Centro de Rehabilitación,Benito Juárez,STE Trolebús,03,483403.9724315341,2.141410335452962e6
Av. México,Benito Juárez,STE Trolebús,03,482827.27642526745,2.1418040257581873e6
División del Norte,Benito Juárez,STE Trolebús,03,483642.0792838881,2.1413660397921726e6
Tokio,Benito Juárez,STE Trolebús,03,483886.7163345688,2.141326547396334e6
Eje Central,Benito Juárez,STE Trolebús,03,484143.1997274275,2.1412843766691866e6
Canarias,Benito Juárez,STE Trolebús,03,484484.13156709354,2.141228155951717e6
Balboa,Benito Juárez,STE Trolebús,03,484744.08329296665,2.141185729838102e6
Plutarco Elías Calles,Benito Juárez,STE Trolebús,03,485416.8177555358,2.1410688940601563e6
Sur 69-A,Iztapalapa,STE Trolebús,03,485689.4773653993,2.1410308083584285e6
Sur 73,Iztapalapa,STE Trolebús,03,485897.38407602196,2.141001910029621e6
Arboledas,Iztapalapa,STE Trolebús,03,485962.9899176755,2.141147303321294e6
Cetram Metro El Rosario,Azcapotzalco,STE Trolebús,04,478874.4059925803,2.1566086955447425e6
Av. De Las Culturas,Azcapotzalco,STE Trolebús,04,479169.0691384588,2.1574029998453185e6
Mecánicos,Azcapotzalco,STE Trolebús,04,479084.10446134134,2.1574439452817356e6
Pescadores,Azcapotzalco,STE Trolebús,04,478804.84809381235,2.157341305016906e6
Cultura Náhuatl,Azcapotzalco,STE Trolebús,04,478551.82501276175,2.1572011618644297e6
Alfareros,Azcapotzalco,STE Trolebús,04,478137.5534764519,2.1571128225822346e6
Av. Aquiles Serdán,Azcapotzalco,STE Trolebús,04,478141.788558374,2.1568798631086503e6
Edificio 26-B,Azcapotzalco,STE Trolebús,04,478292.28271505167,2.156652276656476e6
Hacienda De Sotelo,Azcapotzalco,STE Trolebús,04,478473.1304546378,2.1564133064915696e6
C.C.H. Azcapotzalco,Azcapotzalco,STE Trolebús,04,478752.1252706219,2.1560803544512987e6
Puente de Guerra,Azcapotzalco,STE Trolebús,04,479044.1521492712,2.1557743182173474e6
Zempoaltecas,Azcapotzalco,STE Trolebús,04,479383.2632618745,2.15525868046974e6
Aquiles Serdán,Azcapotzalco,STE Trolebús,04,479516.21810382075,2.1550841092849784e6
Centéotl,Azcapotzalco,STE Trolebús,04,479713.24867143086,2.1548888499650783e6
Santo Domingo,Azcapotzalco,STE Trolebús,04,479869.8196302365,2.154748297590692e6
FF.CC. Nacionales,Azcapotzalco,STE Trolebús,04,480023.88997216115,2.154609584163938e6
Hidalgo,Azcapotzalco,STE Trolebús,04,480201.69004287245,2.154112532314727e6
Camarones,Azcapotzalco,STE Trolebús,04,480182.1390930739,2.153893620922286e6
Av. Azcapotzalco,Azcapotzalco,STE Trolebús,04,480358.9061806165,2.1537768570294096e6
22 De Febrero,Azcapotzalco,STE Trolebús,04,480569.07127531315,2.1537144016694035e6
Nubia,Azcapotzalco,STE Trolebús,04,480889.3634772915,2.1533342822155957e6
Salonica,Azcapotzalco,STE Trolebús,04,481169.99071051367,2.152983913303111e6
Glorieta de Camarones,Azcapotzalco,STE Trolebús,04,481416.5017458627,2.1527179183218656e6
Av. Cuitláhuac,Azcapotzalco,STE Trolebús,04,481598.3308865002,2.1526758489026716e6
Piña,Azcapotzalco,STE Trolebús,04,482154.0672827006,2.152857522588721e6
Plan de San Luis,Azcapotzalco,STE Trolebús,04,482535.0055464175,2.1529812303338344e6
Ferrocarril Central,Azcapotzalco,STE Trolebús,04,482803.9273097188,2.153073362315234e6
Av. Ceylán,Azcapotzalco,STE Trolebús,04,483041.0306356109,2.153152945664729e6
Av. Jardín,Azcapotzalco,STE Trolebús,04,483402.1016024145,2.1532320204528673e6
Calle 12,Azcapotzalco,STE Trolebús,04,483768.6901614984,2.153206302556921e6
Central Sur,Azcapotzalco,STE Trolebús,04,484102.2640100791,2.1531768457065066e6
Calzada Vallejo,Azcapotzalco,STE Trolebús,04,484594.3528269819,2.1531799754615542e6
Auer,Gustavo A. Madero,STE Trolebús,04,485089.77478339453,2.153082871731765e6
Real del Monte,Gustavo A. Madero,STE Trolebús,04,486123.63274632284,2.1528348339472236e6
Constantino,Gustavo A. Madero,STE Trolebús,04,486493.6044627812,2.152736829815807e6
Calzada de Los Misterios,Gustavo A. Madero,STE Trolebús,04,486853.2242794569,2.1526458477705386e6
Calzada de Guadalupe,Gustavo A. Madero,STE Trolebús,04,486972.99179306754,2.152603278928644e6
Graciela,Gustavo A. Madero,STE Trolebús,04,487333.907291197,2.1524702370289215e6
F. C. Hidalgo,Gustavo A. Madero,STE Trolebús,04,487538.2183059186,2.1523949223935828e6
Norte 54-A,Gustavo A. Madero,STE Trolebús,04,487845.785423805,2.152282227963564e6
Av. Congreso de la Unión,Gustavo A. Madero,STE Trolebús,04,488180.69419037434,2.1521583159167846e6
Norte 66-A,Gustavo A. Madero,STE Trolebús,04,488464.1252564585,2.152053531511466e6
Norte 72-A,Gustavo A. Madero,STE Trolebús,04,488676.30379519373,2.15197513689276e6
Av. Eduardo Molina,Gustavo A. Madero,STE Trolebús,04,488898.5416834912,2.1518930255980985e6
Norte 84,Gustavo A. Madero,STE Trolebús,04,489217.3851413917,2.1517755589554734e6
Norte 92,Gustavo A. Madero,STE Trolebús,04,489513.2617785433,2.1516653147870447e6
Av. 503,Gustavo A. Madero,STE Trolebús,04,489823.64885787823,2.151448231069328e6
Cairo,Gustavo A. Madero,STE Trolebús,04,489891.3067071922,2.151098350718907e6
Pekín,Venustiano Carranza,STE Trolebús,04,490414.43034056784,2.150592067430986e6
Formosa,Venustiano Carranza,STE Trolebús,04,490716.1969486945,2.150294078831861e6
Oceania,Venustiano Carranza,STE Trolebús,04,490870.53918738436,2.1500464160803524e6
Transvaal,Venustiano Carranza,STE Trolebús,04,490757.34826819325,2.1498386360689723e6
Persia,Venustiano Carranza,STE Trolebús,04,490647.3678744184,2.149646393917252e6
Av. del Peñón,Venustiano Carranza,STE Trolebús,04,490558.66608196177,2.1494913460686486e6
Norte 37,Venustiano Carranza,STE Trolebús,04,490373.67635070963,2.1491403598278463e6
Norte 33,Venustiano Carranza,STE Trolebús,04,490288.80349688436,2.1489792434521955e6
Norte 25  I,Venustiano Carranza,STE Trolebús,04,490135.4781147947,2.1486881818377436e6
Norte 25  II,Venustiano Carranza,STE Trolebús,04,490068.81593948655,2.148561781223236e6
Norte 21,Venustiano Carranza,STE Trolebús,04,490007.256444605,2.1484450660735443e6
Norte 17,Venustiano Carranza,STE Trolebús,04,489923.6973011404,2.1482866401807335e6
Norte 13,Venustiano Carranza,STE Trolebús,04,489837.51203814714,2.1481304102107817e6
Oriente 180,Venustiano Carranza,STE Trolebús,04,490029.1335846155,2.1480036625096407e6
Boulevard Puerto Aéreo,Venustiano Carranza,STE Trolebús,04,490180.7757133148,2.147923911810759e6
Clinica 14 IMSS,Venustiano Carranza,STE Trolebús,04,490039.0783216435,2.1476261174932024e6
Plaza Aeropuerto,Venustiano Carranza,STE Trolebús,04,489912.53237936914,2.1473857686159024e6
Metro Boulevard Puerto Aéreo,Venustiano Carranza,STE Trolebús,04,489967.1782033806,2.1474108033086783e6
Norte 13,Venustiano Carranza,STE Trolebús,04,490216.15350520425,2.147888046669998e6
Norte 25,Venustiano Carranza,STE Trolebús,04,490481.8716887825,2.14838478409564e6
Terminal Aérea,Venustiano Carranza,STE Trolebús,04,490739.9327566722,2.148842087804242e6
Av. del Peñón,Venustiano Carranza,STE Trolebús,04,490951.54426777933,2.149207172225578e6
Morelos,Venustiano Carranza,STE Trolebús,04,491026.2976605215,2.149501766381349e6
Oceanía,Venustiano Carranza,STE Trolebús,04,490909.66355341335,2.1500664336808687e6
Calle 549,Gustavo A. Madero,STE Trolebús,04,490705.31603944674,2.15036953711479e6
Av. 535,Gustavo A. Madero,STE Trolebús,04,490412.86635409796,2.1506524453860563e6
Calle 525,Gustavo A. Madero,STE Trolebús,04,490202.02805606986,2.1508627396871718e6
Calle 509,Gustavo A. Madero,STE Trolebús,04,489912.5518013157,2.151131280370361e6
Av. 506,Gustavo A. Madero,STE Trolebús,04,489884.37772677414,2.151518418874797e6
2da. Cerrada Av. 503,Gustavo A. Madero,STE Trolebús,04,489957.77859692246,2.151724782504179e6
Deportivo Francisco Zarco,Gustavo A. Madero,STE Trolebús,04,489914.88314159,2.1516859768650946e6
Norte 92,Gustavo A. Madero,STE Trolebús,04,489557.4631371329,2.1516661988395094e6
Norte 84-A,Gustavo A. Madero,STE Trolebús,04,489297.43338375614,2.1517638230534405e6
Av. Eduardo Molina,Gustavo A. Madero,STE Trolebús,04,488989.90845434804,2.1518785178866517e6
Norte 72-A,Gustavo A. Madero,STE Trolebús,04,488729.60242820316,2.151977986827099e6
Norte 70,Gustavo A. Madero,STE Trolebús,04,488586.9575487473,2.152030731997169e6
Av. Congreso de la Unión,Gustavo A. Madero,STE Trolebús,04,488298.2322009794,2.152137492699899e6
Norte 58,Gustavo A. Madero,STE Trolebús,04,488025.09545493557,2.1522385315378583e6
F. C. Hidalgo,Gustavo A. Madero,STE Trolebús,04,487680.6185684183,2.152365975367669e6
Graciela,Gustavo A. Madero,STE Trolebús,04,487376.3272911707,2.1524782869302076e6
Calzada de Guadalupe,Gustavo A. Madero,STE Trolebús,04,487056.98317508673,2.1525960612792717e6
Calzada de Los Misterios,Gustavo A. Madero,STE Trolebús,04,486907.5528099992,2.152651177734772e6
Buen Tono,Gustavo A. Madero,STE Trolebús,04,486545.034162662,2.1527458740975573e6
Real del Monte,Gustavo A. Madero,STE Trolebús,04,486181.44111557567,2.152839610577715e6
Norte 1-G,Gustavo A. Madero,STE Trolebús,04,485170.98913405923,2.1530876499247034e6
Calzada Vallejo,Gustavo A. Madero,STE Trolebús,04,484774.9862356874,2.1531842858139104e6
Calle 28,Azcapotzalco,STE Trolebús,04,484570.4994442264,2.1532088558101705e6
Central Sur,Azcapotzalco,STE Trolebús,04,484184.7608641232,2.153198285204231e6
Calle 12,Azcapotzalco,STE Trolebús,04,483808.3988756687,2.1532257208325597e6
Av. Jardín,Azcapotzalco,STE Trolebús,04,483363.16692501033,2.1532578325090855e6
Av. Ceylán,Azcapotzalco,STE Trolebús,04,483115.8983662971,2.153203562788246e6
Cerdeña,Azcapotzalco,STE Trolebús,04,482901.9614277743,2.153131719284993e6
Plan de San Luis,Azcapotzalco,STE Trolebús,04,482618.59351305966,2.153035494576496e6
Av. Nueces,Azcapotzalco,STE Trolebús,04,482248.5670032655,2.1529141947933957e6
Soriana Cuitláhuac,Azcapotzalco,STE Trolebús,04,482047.60655363876,2.1528486293939934e6
Glorieta Camarones,Azcapotzalco,STE Trolebús,04,481569.5613168056,2.1526925383082135e6
Salónica,Azcapotzalco,STE Trolebús,04,481314.28860047075,2.152870024581798e6
Norte 87,Azcapotzalco,STE Trolebús,04,481183.14174071007,2.1530228847073778e6
2a Cerrada de Tula,Azcapotzalco,STE Trolebús,04,480974.14808175643,2.153279758300475e6
22 de Febrero,Azcapotzalco,STE Trolebús,04,480667.1196264767,2.1536582202515076e6
Minerva,Azcapotzalco,STE Trolebús,04,480739.6154487116,2.154081903930699e6
Nueva Jerusalén,Azcapotzalco,STE Trolebús,04,480786.85466792056,2.1542686622468303e6
Ahuacatitla,Azcapotzalco,STE Trolebús,04,480706.3437551029,2.154421840709455e6
Zaragoza,Azcapotzalco,STE Trolebús,04,480436.93541397224,2.1544548962532766e6
Andalucía,Azcapotzalco,STE Trolebús,04,480199.6982068708,2.1545052230835813e6
FF.CC. Nacionales,Azcapotzalco,STE Trolebús,04,480111.36758619803,2.154575765523605e6
Santo Domingo,Azcapotzalco,STE Trolebús,04,479869.84718930064,2.154800898241011e6
16 de Septiembre,Azcapotzalco,STE Trolebús,04,479609.6966564254,2.1550332635481292e6
Aquiles Serdán,Azcapotzalco,STE Trolebús,04,479511.78724777425,2.1551538686304656e6
Sauces,Azcapotzalco,STE Trolebús,04,479364.5055245148,2.1553566407790417e6
Ahuehuetes,Azcapotzalco,STE Trolebús,04,479167.2390573974,2.1556773708039513e6
Tierra Indómita,Azcapotzalco,STE Trolebús,04,478948.3633443296,2.1559345501248008e6
C.C.H. Azcapotzalco,Azcapotzalco,STE Trolebús,04,478831.63290615316,2.156052466599344e6
Tierra Nueva,Azcapotzalco,STE Trolebús,04,478676.33668917906,2.156218409270007e6
Av. del Rosario,Azcapotzalco,STE Trolebús,04,478553.50554379047,2.156367227097073e6
Soriana El Rosario,Azcapotzalco,STE Trolebús,04,478463.76851133996,2.1565037755635493e6
Frente a Nissan,Azcapotzalco,STE Trolebús,04,478326.3818120906,2.1567001161417253e6
Renacimiento,Azcapotzalco,STE Trolebús,04,478180.0959074897,2.156839380355948e6
Av. Culturas,Azcapotzalco,STE Trolebús,04,478144.2186641422,2.1570602844752553e6
Río Blanco,Azcapotzalco,STE Trolebús,04,478409.82340385695,2.1571170491767214e6
Hidrógeno,Azcapotzalco,STE Trolebús,04,478788.9910623458,2.1572914031667644e6
Carbono,Azcapotzalco,STE Trolebús,04,479054.6338070993,2.157398111091421e6
Av. Cultura Norte,Azcapotzalco,STE Trolebús,04,479270.7719145873,2.157431485410458e6
Aztacalco,Azcapotzalco,STE Trolebús,04,479242.0495430035,2.157114795212682e6
Depósito El Rosario,Azcapotzalco,STE Trolebús,04,479191.8771394847,2.156794396741338e6
Av. de los Angeles,Azcapotzalco,STE Trolebús,04,479247.3433334309,2.156381330440679e6
Tierra Negra,Azcapotzalco,STE Trolebús,04,479100.0165917896,2.1562305240553077e6
San Felipe de Jesús,Gustavo A. Madero,STE Trolebús,05,493175.6407367191,2.1557201693651215e6
Sierra Hermosa,Gustavo A. Madero,STE Trolebús,05,493082.00861157116,2.155508385013744e6
Tepatitlan,Gustavo A. Madero,STE Trolebús,05,493006.8139046869,2.1553255895129084e6
Calpulalpan,Gustavo A. Madero,STE Trolebús,05,492919.1214097365,2.155112412359912e6
Villa de Ayala,Gustavo A. Madero,STE Trolebús,05,492862.4860126072,2.1549751931423787e6
Estado de Tabasco,Gustavo A. Madero,STE Trolebús,05,492687.48267462914,2.154635652678832e6
Estado de Oaxaca,Gustavo A. Madero,STE Trolebús,05,492646.0810498965,2.154522194995282e6
Estado de Morelos,Gustavo A. Madero,STE Trolebús,05,492587.71617530065,2.1543622509468277e6
Constitución de la Republica,Gustavo A. Madero,STE Trolebús,05,492510.8077403302,2.154151489824926e6
Estado de Sinaloa,Gustavo A. Madero,STE Trolebús,05,492265.4574240533,2.1541790004055416e6
Camino de La Unión,Gustavo A. Madero,STE Trolebús,05,492004.66400321625,2.1542385222870386e6
Camino Sur,Gustavo A. Madero,STE Trolebús,05,491939.2816791227,2.154132314425652e6
Deportivo Los Galeana,Gustavo A. Madero,STE Trolebús,05,491837.87697603763,2.1538635943960724e6
Puerto de Mazatlán,Gustavo A. Madero,STE Trolebús,05,491777.36505924695,2.1536981889409306e6
Puerto de Tampico,Gustavo A. Madero,STE Trolebús,05,491704.2187605872,2.1534982482108497e6
Camino de San Juan de Aragón,Gustavo A. Madero,STE Trolebús,05,491686.44001392013,2.1532432675535195e6
Puerto de Tlacotalpan,Gustavo A. Madero,STE Trolebús,05,491491.18680039473,2.1532401638846286e6
Puerto de Barra de Nautla,Gustavo A. Madero,STE Trolebús,05,491356.5733754729,2.153267034977115e6
Puerto de Acapulco,Gustavo A. Madero,STE Trolebús,05,491128.5268820062,2.1533125568737667e6
Puerto de San Blas,Gustavo A. Madero,STE Trolebús,05,490975.27828668914,2.15334314785814e6
Puerto de Coatzacoalcos,Gustavo A. Madero,STE Trolebús,05,490713.91530103673,2.153395320284212e6
Puerto de Cádiz,Gustavo A. Madero,STE Trolebús,05,490509.57026277325,2.153517728598143e6
Gran Canal,Gustavo A. Madero,STE Trolebús,05,490284.577583117,2.1536149398532044e6
Arcos de Aragón,Gustavo A. Madero,STE Trolebús,05,490091.6094826352,2.1536987804511045e6
Eduardo Molina,Gustavo A. Madero,STE Trolebús,05,489804.4829919906,2.1538235308973626e6
San Juan,Gustavo A. Madero,STE Trolebús,05,489362.85380984226,2.15401258199855e6
FF.CC. Hidalgo,Gustavo A. Madero,STE Trolebús,05,488936.76365966094,2.1541894281611363e6
Martín Carrera,Gustavo A. Madero,STE Trolebús,05,488734.78911352414,2.1542671509671044e6
Casa del Peregrino Juan Diego,Gustavo A. Madero,STE Trolebús,05,488491.08064959984,2.1543214062666264e6
5 de Febrero,Gustavo A. Madero,STE Trolebús,05,488098.4718869524,2.1544123436424974e6
General Martín Carrera,Gustavo A. Madero,STE Trolebús,05,488147.2055793956,2.154676218930908e6
General Mariano Salas,Gustavo A. Madero,STE Trolebús,05,488078.3916735087,2.1548038703277814e6
Zaragoza,Gustavo A. Madero,STE Trolebús,05,487650.881304558,2.154855874824114e6
Montevideo,Gustavo A. Madero,STE Trolebús,05,487547.6753918466,2.154543225796064e6
Garrido,Gustavo A. Madero,STE Trolebús,05,487476.61661997694,2.1543395243413295e6
Ricarte,Gustavo A. Madero,STE Trolebús,05,487415.72833776334,2.1541703149011834e6
Fortuna,Gustavo A. Madero,STE Trolebús,05,487332.70030914067,2.153939578777106e6
Éuzkaro,Gustavo A. Madero,STE Trolebús,05,487291.904453028,2.1538262064873623e6
Río Blanco,Gustavo A. Madero,STE Trolebús,05,487224.9395783819,2.1536387010222035e6
Victoria,Gustavo A. Madero,STE Trolebús,05,487095.34980845876,2.153275635669426e6
Excélsior,Gustavo A. Madero,STE Trolebús,05,487029.8319768106,2.1530920775484825e6
Basilio Romo Anguiano,Gustavo A. Madero,STE Trolebús,05,486960.53181225265,2.152897922649468e6
Robles Domínguez,Gustavo A. Madero,STE Trolebús,05,486888.39746735827,2.152695827365311e6
Donizetti,Gustavo A. Madero,STE Trolebús,05,486762.19214833307,2.152344965390717e6
Río Consulado,Gustavo A. Madero,STE Trolebús,05,486624.2212962011,2.151958962505378e6
Beethoven,Cuauhtémoc,STE Trolebús,05,486529.835297779,2.151706756871648e6
Juventino Rosas,Cuauhtémoc,STE Trolebús,05,486443.27113959414,2.1514673317598314e6
Manuel González,Cuauhtémoc,STE Trolebús,05,486290.6493955964,2.1510822543409895e6
Tlatelolco,Cuauhtémoc,STE Trolebús,05,486084.7961188183,2.1507524914549193e6
Flores Magón,Cuauhtémoc,STE Trolebús,05,485945.03374423884,2.1505646881546495e6
González Bocanegra,Cuauhtémoc,STE Trolebús,05,485656.02829581447,2.150252118932449e6
Garibaldi,Cuauhtémoc,STE Trolebús,05,485445.61684386415,2.15005040416508e6
Moctezuma,Cuauhtémoc,STE Trolebús,05,485255.6419751509,2.149868536939441e6
Lerdo,Cuauhtémoc,STE Trolebús,05,485050.63678672555,2.1496730065080626e6
Av. Hidalgo,Cuauhtémoc,STE Trolebús,05,484883.21294254466,2.14919787287132e6
Metro Hidalgo,Cuauhtémoc,STE Trolebús,05,484687.12168099626,2.1492913203248573e6
Valerio Trujano,Cuauhtémoc,STE Trolebús,05,484855.58984467585,2.1494525053149117e6
Garibaldi,Cuauhtémoc,STE Trolebús,05,485356.6743575555,2.1499097525534346e6
Matamoros,Cuauhtémoc,STE Trolebús,05,485646.9481111498,2.1502091422050428e6
Constancia,Cuauhtémoc,STE Trolebús,05,486091.17546948633,2.1507174245578973e6
Canal del Norte,Cuauhtémoc,STE Trolebús,05,486254.8981011871,2.150934148105497e6
Cobre,Cuauhtémoc,STE Trolebús,05,486444.17933842575,2.1511813466271833e6
Hierro,Cuauhtémoc,STE Trolebús,05,486554.48666291236,2.151363682762897e6
Telurio,Cuauhtémoc,STE Trolebús,05,486656.19512556586,2.1516160775472266e6
Río Consulado,Cuauhtémoc,STE Trolebús,05,486721.9237020633,2.15179330078913e6
Julieta,Gustavo A. Madero,STE Trolebús,05,486878.28965749004,2.1522146313111708e6
Noé,Gustavo A. Madero,STE Trolebús,05,486997.77776749234,2.152536574467205e6
Henry Ford,Gustavo A. Madero,STE Trolebús,05,487137.97638117196,2.1529154402675964e6
Victoria,Gustavo A. Madero,STE Trolebús,05,487230.34062393656,2.1531651256957096e6
Joyas,Gustavo A. Madero,STE Trolebús,05,487364.34013722587,2.153527362475237e6
Talismán,Gustavo A. Madero,STE Trolebús,05,487432.8156702894,2.1537124702861873e6
Moctezuma,Gustavo A. Madero,STE Trolebús,05,487545.13878998463,2.154013985503827e6
Hidalgo,Gustavo A. Madero,STE Trolebús,05,487710.4921055687,2.1539872146796547e6
5 de Febrero,Gustavo A. Madero,STE Trolebús,05,487852.7753849947,2.153935852405522e6
Cuauhtémoc,Gustavo A. Madero,STE Trolebús,05,487916.6527391858,2.1539835020223106e6
Gral. Vicente Villada,Gustavo A. Madero,STE Trolebús,05,487988.16152441653,2.154190632788613e6
Plaza Mariana,Gustavo A. Madero,STE Trolebús,05,488039.81989539065,2.154321245520524e6
Calz. San Juan de Aragón,Gustavo A. Madero,STE Trolebús,05,488104.614722193,2.1543925783839477e6
Casa del Peregrino Juan Diego,Gustavo A. Madero,STE Trolebús,05,488471.74781814986,2.154309679542789e6
Martín Carrera,Gustavo A. Madero,STE Trolebús,05,488784.1436044771,2.154235977110561e6
Hospital de La Villa,Gustavo A. Madero,STE Trolebús,05,489172.7810247827,2.154047300343549e6
San Juan,Gustavo A. Madero,STE Trolebús,05,489282.1651546274,2.154000222864461e6
Eduardo Molina,Gustavo A. Madero,STE Trolebús,05,489660.5906766066,2.1538395661327834e6
Clinica 23 IMSS,Gustavo A. Madero,STE Trolebús,05,489870.8721602993,2.153755393106521e6
Arcos de Aragón,Gustavo A. Madero,STE Trolebús,05,490036.42593731947,2.1536791464762087e6
Gran Canal,Gustavo A. Madero,STE Trolebús,05,490252.29697206087,2.153605100761158e6
Puerto de Cádiz,Gustavo A. Madero,STE Trolebús,05,490467.2650377125,2.1535148375941613e6
Puerto de Cozumel,Gustavo A. Madero,STE Trolebús,05,490599.92339849466,2.1534570116809593e6
Puerto de Guaymas,Gustavo A. Madero,STE Trolebús,05,490866.33170711773,2.1533520263619926e6
Puerto de Acapulco,Gustavo A. Madero,STE Trolebús,05,491067.51026835974,2.1533122102684546e6
Puerto Progreso,Gustavo A. Madero,STE Trolebús,05,491302.98806149873,2.153265605869955e6
Puerto de Tlacotalpan,Gustavo A. Madero,STE Trolebús,05,491490.51411485084,2.1532284918015623e6
Loreto Fabela,Gustavo A. Madero,STE Trolebús,05,491637.5565364275,2.1531993900186718e6
Puerto de Tampico,Gustavo A. Madero,STE Trolebús,05,491726.48018269544,2.1534533454788877e6
Puerto de Mazatlán,Gustavo A. Madero,STE Trolebús,05,491804.44357754383,2.153682630996989e6
Deportivo Los Galeana,Gustavo A. Madero,STE Trolebús,05,491862.85245612223,2.1538443497978495e6
Francisco Morazán,Gustavo A. Madero,STE Trolebús,05,491916.5975940469,2.153993155929191e6
Constitución de la República,Gustavo A. Madero,STE Trolebús,05,492030.9333998573,2.1542003060670206e6
Estado de Sinaloa,Gustavo A. Madero,STE Trolebús,05,492234.1705751942,2.1541753452441767e6
Estado de Tamaulipas,Gustavo A. Madero,STE Trolebús,05,492443.4991954619,2.154128140889896e6
Estado de Morelos,Gustavo A. Madero,STE Trolebús,05,492577.12690151867,2.1543175806573853e6
Estado de Oaxaca,Gustavo A. Madero,STE Trolebús,05,492637.49681940663,2.1544826412498183e6
Estado de Tabasco,Gustavo A. Madero,STE Trolebús,05,492679.1311700751,2.154596475934829e6
Villa de Ayala,Gustavo A. Madero,STE Trolebús,05,492779.92652277765,2.154872065851358e6
Calpulalpan,EDOMX,STE Trolebús,05,492921.8922560824,2.155089222236305e6
Valle Zambezi,EDOMX,STE Trolebús,05,492987.3790821183,2.155250903304515e6
Valle Yukón,EDOMX,STE Trolebús,05,493039.5270540875,2.1553796519448655e6
Valle del Yang Tse,EDOMX,STE Trolebús,05,493132.888088638,2.1556101519203424e6
Chapultepec,Cuauhtémoc,STE Trolebús,06,481576.6457031999,2.1474324359918884e6
Victor Hugo,Miguel Hidalgo,STE Trolebús,06,481362.0893832908,2.148098378058291e6
Mariano Escobedo,Miguel Hidalgo,STE Trolebús,06,481206.7768986882,2.1480646957733496e6
Campos Elíseos,Miguel Hidalgo,STE Trolebús,06,481117.66187277,2.1482544506393378e6
Av. Presidente Mazarik,Miguel Hidalgo,STE Trolebús,06,481022.62606341485,2.148514131901946e6
Horacio,Miguel Hidalgo,STE Trolebús,06,480944.95988879085,2.148712556984931e6
Homero,Miguel Hidalgo,STE Trolebús,06,480856.83333255805,2.14895152974744e6
Newton,Miguel Hidalgo,STE Trolebús,06,480769.5129311764,2.1491889460346717e6
Lago Alberto,Miguel Hidalgo,STE Trolebús,06,480748.5266041989,2.149554461885208e6
Laguna de Mayrán,Miguel Hidalgo,STE Trolebús,06,480764.4274897406,2.149668127313131e6
Laguna de Términos,Miguel Hidalgo,STE Trolebús,06,480794.1656612604,2.1498807067938526e6
Lago Bolsena,Miguel Hidalgo,STE Trolebús,06,480826.87937123404,2.15011455652715e6
Av. Marina Nacional,Miguel Hidalgo,STE Trolebús,06,480862.30032393447,2.150367758635648e6
Lago Garda,Miguel Hidalgo,STE Trolebús,06,480886.0378446093,2.1505374432383245e6
Felipe Carrillo Puerto,Miguel Hidalgo,STE Trolebús,06,480916.7319764022,2.1507342711534156e6
Mar Cantábrico,Miguel Hidalgo,STE Trolebús,06,480952.75701060664,2.1509614069394185e6
Calz. Mexico - Tacuba,Miguel Hidalgo,STE Trolebús,06,481038.93491609313,2.1512966612888086e6
J. Sánchez Trujillo,Miguel Hidalgo,STE Trolebús,06,481226.79464146984,2.1515934891660665e6
Poniente 44,Azcapotzalco,STE Trolebús,06,481340.6419985204,2.1517914346564678e6
Poniente 48,Azcapotzalco,STE Trolebús,06,481357.56741003814,2.1519342800465226e6
Clavería,Azcapotzalco,STE Trolebús,06,481385.56763067073,2.1522571830505584e6
Poniente 62,Azcapotzalco,STE Trolebús,06,481413.21158719313,2.152473159108137e6
Glorieta de Camarones,Azcapotzalco,STE Trolebús,06,481464.904457239,2.1525727294221064e6
Salónica,Azcapotzalco,STE Trolebús,06,481314.28860047075,2.152870024581798e6
Norte 87,Azcapotzalco,STE Trolebús,06,481183.14174071007,2.1530228847073778e6
2a Cda. de Tula,Azcapotzalco,STE Trolebús,06,480974.14808175643,2.153279758300475e6
22 de Febrero,Azcapotzalco,STE Trolebús,06,480667.1196264767,2.1536582202515076e6
Minerva,Azcapotzalco,STE Trolebús,06,480739.6154487116,2.154081903930699e6
Nueva Jerusalén,Azcapotzalco,STE Trolebús,06,480786.85466792056,2.1542686622468303e6
Ahuacatitla,Azcapotzalco,STE Trolebús,06,480706.3437551029,2.154421840709455e6
Zaragoza,Azcapotzalco,STE Trolebús,06,480436.93541397224,2.1544548962532766e6
Andalucía,Azcapotzalco,STE Trolebús,06,480199.6982068708,2.1545052230835813e6
FF.CC. Nacionales,Azcapotzalco,STE Trolebús,06,480111.36758619803,2.154575765523605e6
Santo Domingo,Azcapotzalco,STE Trolebús,06,479869.84718930064,2.154800898241011e6
16 de Septiembre,Azcapotzalco,STE Trolebús,06,479609.6966564254,2.1550332635481292e6
Aquiles Serdán,Azcapotzalco,STE Trolebús,06,479511.78724777425,2.1551538686304656e6
Sauces,Azcapotzalco,STE Trolebús,06,479364.5055245148,2.1553566407790417e6
Ahuehuetes,Azcapotzalco,STE Trolebús,06,479167.2390573974,2.1556773708039513e6
Tierra Indómita,Azcapotzalco,STE Trolebús,06,478948.3633443296,2.1559345501248008e6
C.C.H. Azcapotzalco,Azcapotzalco,STE Trolebús,06,478831.63290615316,2.156052466599344e6
Tierra Nueva,Azcapotzalco,STE Trolebús,06,478676.33668917906,2.156218409270007e6
Av. del Rosario,Azcapotzalco,STE Trolebús,06,478553.50554379047,2.156367227097073e6
Soriana El Rosario,Azcapotzalco,STE Trolebús,06,478463.76851133996,2.1565037755635493e6
Frente a Nissan,Azcapotzalco,STE Trolebús,06,478326.3818120906,2.1567001161417253e6
Renacimiento,Azcapotzalco,STE Trolebús,06,478180.0959074897,2.156839380355948e6
Alfareros,Azcapotzalco,STE Trolebús,06,478144.2186641422,2.1570602844752553e6
Cultura Náhuatl,Azcapotzalco,STE Trolebús,06,478409.82340385695,2.1571170491767214e6
Hidrógeno,Azcapotzalco,STE Trolebús,06,478788.9910623458,2.1572914031667644e6
Carbono,Azcapotzalco,STE Trolebús,06,479054.6338070993,2.157398111091421e6
Bachilleres 1,Azcapotzalco,STE Trolebús,06,479270.7719145873,2.157431485410458e6
Aztacalco,Azcapotzalco,STE Trolebús,06,479242.0495430035,2.157114795212682e6
Depósito El Rosario,Azcapotzalco,STE Trolebús,06,479191.8771394847,2.156794396741338e6
Av. de los Ángeles,Azcapotzalco,STE Trolebús,06,479247.3433334309,2.156381330440679e6
Tierra Negra,Azcapotzalco,STE Trolebús,06,479100.0165917896,2.1562305240553077e6
El Rosario,Azcapotzalco,STE Trolebús,06,478874.4059925803,2.1566086955447425e6
Av. de Las Culturas,Azcapotzalco,STE Trolebús,06,479169.0691384588,2.1574029998453185e6
Mecanicos,Azcapotzalco,STE Trolebús,06,479084.10446134134,2.1574439452817356e6
Pescadores,Azcapotzalco,STE Trolebús,06,478804.84809381235,2.157341305016906e6
Cultura Náhuatl,Azcapotzalco,STE Trolebús,06,478551.82501276175,2.1572011618644297e6
Alfareros,Azcapotzalco,STE Trolebús,06,478137.5534764519,2.1571128225822346e6
Av. Aquiles Serdan,Azcapotzalco,STE Trolebús,06,478141.788558374,2.1568798631086503e6
Edificio 26-B,Azcapotzalco,STE Trolebús,06,478292.28271505167,2.156652276656476e6
Hacienda De Sotelo,Azcapotzalco,STE Trolebús,06,478473.1304546378,2.1564133064915696e6
C.C.H. Azcapotzalco,Azcapotzalco,STE Trolebús,06,478752.1252706219,2.1560803544512987e6
Puente de Guerra,Azcapotzalco,STE Trolebús,06,479044.1521492712,2.1557743182173474e6
Zempoaltecas,Azcapotzalco,STE Trolebús,06,479383.2632618745,2.15525868046974e6
Aquiles Serdán,Azcapotzalco,STE Trolebús,06,479516.21810382075,2.1550841092849784e6
Centéotl,Azcapotzalco,STE Trolebús,06,479713.24867143086,2.1548888499650783e6
Santo Domingo,Azcapotzalco,STE Trolebús,06,479869.8196302365,2.154748297590692e6
FF.CC. Nacionales,Azcapotzalco,STE Trolebús,06,480023.88997216115,2.154609584163938e6
Hidalgo,Azcapotzalco,STE Trolebús,06,480201.69004287245,2.154112532314727e6
Camarones,Azcapotzalco,STE Trolebús,06,480182.1390930739,2.153893620922286e6
Av. Azcapotzalco,Azcapotzalco,STE Trolebús,06,480358.9061806165,2.1537768570294096e6
22 de Febrero,Azcapotzalco,STE Trolebús,06,480569.07127531315,2.1537144016694035e6
Nubia,Azcapotzalco,STE Trolebús,06,480889.3634772915,2.1533342822155957e6
Salónica,Azcapotzalco,STE Trolebús,06,481169.99071051367,2.152983913303111e6
Glorieta de Camarones,Azcapotzalco,STE Trolebús,06,481416.5017458627,2.1527179183218656e6
Poniente 62,Azcapotzalco,STE Trolebús,06,481408.597565645,2.1525178164977483e6
Clavería,Azcapotzalco,STE Trolebús,06,481365.00142717524,2.1522971670669504e6
Begonias,Azcapotzalco,STE Trolebús,06,481350.21098430525,2.1521260263993125e6
Poniente 44,Azcapotzalco,STE Trolebús,06,481324.48060767294,2.151828299422903e6
J. Sánchez Trujillo,Azcapotzalco,STE Trolebús,06,481247.5450901973,2.151671845243378e6
Calz. Mexico - Tacuba,Miguel Hidalgo,STE Trolebús,06,481080.13379829144,2.151396338572879e6
Mar Cantábrico,Miguel Hidalgo,STE Trolebús,06,480939.46958901896,2.151018830776922e6
Felipe Carrillo Puerto,Miguel Hidalgo,STE Trolebús,06,480901.9763757816,2.150785297468114e6
Av. Marina Nacional,Miguel Hidalgo,STE Trolebús,06,480858.97758502787,2.150512113011177e6
Lago Bolsena,Miguel Hidalgo,STE Trolebús,06,480806.84251542704,2.150153863302517e6
Laguna de Términos,Miguel Hidalgo,STE Trolebús,06,480777.20882866415,2.149950233390241e6
Laguna de Mayrán,Miguel Hidalgo,STE Trolebús,06,480746.228720105,2.1497373514481904e6
Lago Alberto,Miguel Hidalgo,STE Trolebús,06,480716.0608151678,2.1495300506190676e6
Newton,Miguel Hidalgo,STE Trolebús,06,480741.1901586855,2.149222763547589e6
Homero,Miguel Hidalgo,STE Trolebús,06,480805.9885118868,2.1490322509322343e6
Horacio,Miguel Hidalgo,STE Trolebús,06,480896.5453681838,2.1487836995607554e6
Av. Presidente Mazarik,Miguel Hidalgo,STE Trolebús,06,480963.94055316877,2.148612251276909e6
Campos Elíseos,Miguel Hidalgo,STE Trolebús,06,481088.39449758665,2.1482804929071465e6
Tolstoi,Miguel Hidalgo,STE Trolebús,06,481239.8491954481,2.1478838021596377e6
Terminal Ciudad Universitaria - Estadio C.U.,Coyoacán,STE Trolebús,07,479979.2027893204,2.1380309840345257e6
Psicología,Coyoacán,STE Trolebús,07,480338.24724631885,2.138108593275402e6
Av. Copilco,Coyoacán,STE Trolebús,07,480636.7215313248,2.1381456726685567e6
Hermanos Vázquez,Coyoacán,STE Trolebús,07,480877.58634720615,2.138397033514274e6
Cerro Acasulco,Coyoacán,STE Trolebús,07,480929.565303863,2.1386598306284426e6
Oxtopulco,Coyoacán,STE Trolebús,07,480962.4153249285,2.1388299025472277e6
Miguel Ángel de Quevedo,Coyoacán,STE Trolebús,07,481021.8080316473,2.139137391896272e6
Cerro del Hombre,Coyoacán,STE Trolebús,07,481385.41416097357,2.1391359458619086e6
Zaragoza,Coyoacán,STE Trolebús,07,481717.22322195105,2.139093213747722e6
Melchor Ocampo,Coyoacán,STE Trolebús,07,481962.23212488455,2.139061660213934e6
Moctezuma,Coyoacán,STE Trolebús,07,482354.0214117188,2.139011203531127e6
Cuadrante San Francisco,Coyoacán,STE Trolebús,07,482723.42830753553,2.138963629370232e6
Puente San Francisco,Coyoacán,STE Trolebús,07,482975.9442838388,2.138931109036093e6
Fernández Leal,Coyoacán,STE Trolebús,07,483258.9569217387,2.138894661181645e6
Europa,Coyoacán,STE Trolebús,07,483467.98430915276,2.138867741536471e6
Oceanía,Coyoacán,STE Trolebús,07,483805.45077504887,2.1388194518067413e6
Ohio,Coyoacán,STE Trolebús,07,484075.4418397884,2.138779241663916e6
Division Del Norte,Coyoacán,STE Trolebús,07,484331.5444659898,2.138741099945458e6
Central,Coyoacán,STE Trolebús,07,484510.11504671216,2.138714340316353e6
Cerro Huitzilac,Coyoacán,STE Trolebús,07,485143.3809062552,2.1386287132023205e6
Central del Sur,Coyoacán,STE Trolebús,07,485384.0721375822,2.138594681521179e6
Canal de Miramontes,Coyoacán,STE Trolebús,07,485705.2483932649,2.1385505587211535e6
Petróleos Mexicanos,Coyoacán,STE Trolebús,07,486021.95576432336,2.138485534927724e6
CECyT 13,Coyoacán,STE Trolebús,07,486310.25144978106,2.1383992654314623e6
Santa Isabel Tola,Coyoacán,STE Trolebús,07,486610.68919357465,2.1383071059055654e6
Escuela Naval Militar,Coyoacán,STE Trolebús,07,487074.7433303946,2.1381813417356103e6
Miguel Hidalgo,Coyoacán,STE Trolebús,07,487376.5604282935,2.1381482856092444e6
Ejido,Coyoacán,STE Trolebús,07,487564.3424773342,2.138254410854767e6
San Pablo,Coyoacán,STE Trolebús,07,487658.06397044467,2.138313457236713e6
Av. Tláhuac,Iztapalapa,STE Trolebús,07,488510.19802501885,2.1382257102177883e6
Culhuacán,Iztapalapa,STE Trolebús,07,488546.26413833123,2.13810483267713e6
Gobernación,Iztapalapa,STE Trolebús,07,488567.02267999033,2.1378255597179644e6
Educacion Publica,Iztapalapa,STE Trolebús,07,488670.23835978226,2.1375381024217294e6
Luis Galvani,Iztapalapa,STE Trolebús,07,488739.706755614,2.137299857877754e6
San Andrés Tomatlán,Iztapalapa,STE Trolebús,07,488992.6396763222,2.137147547962323e6
Próspero García,Iztapalapa,STE Trolebús,07,489146.47536851803,2.137075520846325e6
Emiliano Zapata,Iztapalapa,STE Trolebús,07,489445.5700735015,2.136932211309679e6
Viveros,Iztapalapa,STE Trolebús,07,489693.61744459637,2.1365359969755835e6
Lomas Estrella,Iztapalapa,STE Trolebús,07,489817.2237143785,2.136489010285812e6
Bahamas,Iztapalapa,STE Trolebús,07,489782.4326317044,2.1365203345212354e6
Progreso,Iztapalapa,STE Trolebús,07,489626.35069837986,2.136813193265078e6
Emiliano Zapata,Iztapalapa,STE Trolebús,07,489468.9624432038,2.1369414910369082e6
San Andrés Tomatlán,Iztapalapa,STE Trolebús,07,489072.846076257,2.1371307468895824e6
Luis Galvani,Iztapalapa,STE Trolebús,07,488814.3833906928,2.13724353236105e6
Samuel F. B. Morse,Iztapalapa,STE Trolebús,07,488665.5420958136,2.1376063327017133e6
Gobernación,Iztapalapa,STE Trolebús,07,488599.4626809263,2.1377912197922915e6
Culhuacán,Iztapalapa,STE Trolebús,07,488567.0406857879,2.1381168585399026e6
16 de Septiembre,Coyoacán,STE Trolebús,07,487821.7626972009,2.1383823293140815e6
San Francisco,Coyoacán,STE Trolebús,07,487594.8325349645,2.13829813289033e6
Miguel Hidalgo,Coyoacán,STE Trolebús,07,487389.3857866909,2.1381751229978646e6
Escuela Naval Militar,Coyoacán,STE Trolebús,07,487132.88505970564,2.138190645164203e6
Santa Isabel Tola,Coyoacán,STE Trolebús,07,486681.9885556712,2.1383073252965994e6
CECyT 13,Coyoacán,STE Trolebús,07,486421.76028708025,2.138389023111327e6
Cerro del Cubilete,Coyoacán,STE Trolebús,07,485873.45465732337,2.138556408283498e6
Canal de Miramontes,Coyoacán,STE Trolebús,07,485597.7171583236,2.1385891941027027e6
Tasqueña,Coyoacán,STE Trolebús,07,485210.15122725646,2.138644434150059e6
División del Norte,Coyoacán,STE Trolebús,07,484393.60387284186,2.1387577337893303e6
Ohio,Coyoacán,STE Trolebús,07,484027.54207255715,2.1388109185700538e6
America,Coyoacán,STE Trolebús,07,483725.278206659,2.1388550456790635e6
Asia,Coyoacán,STE Trolebús,07,483347.9970176197,2.1389076386037986e6
Puente San Francisco,Coyoacán,STE Trolebús,07,482998.3583204015,2.138952729267181e6
Cuadrante San Francisco,Coyoacán,STE Trolebús,07,482800.60922905646,2.1389782317009303e6
Moctezuma,Coyoacán,STE Trolebús,07,482403.0434901478,2.1390295032079113e6
Pino,Coyoacán,STE Trolebús,07,482144.9283913649,2.139062790659002e6
Melchor Ocampo,Coyoacán,STE Trolebús,07,481940.4391709281,2.1390891623240304e6
Zaragoza,Coyoacán,STE Trolebús,07,481761.63795382757,2.1391122211717973e6
Cerro del Hombre,Coyoacán,STE Trolebús,07,481458.18962053035,2.1391513549597887e6
Av. Universidad,Coyoacán,STE Trolebús,07,481095.78310256754,2.1392249058218324e6
Miguel Ángel de Quevedo,Coyoacán,STE Trolebús,07,480998.21373500774,2.1391192597818305e6
Oxtopulco,Coyoacán,STE Trolebús,07,480949.65836926486,2.1388725746174944e6
Cerro Acasulco,Coyoacán,STE Trolebús,07,480914.08430942224,2.1386918408785122e6
Hermanos Vazquez,Coyoacán,STE Trolebús,07,480848.2155895063,2.1383721173987617e6
Av. Copilco,Coyoacán,STE Trolebús,07,480715.0214892355,2.1382057627829066e6
Retorno Copilco,Coyoacán,STE Trolebús,07,480487.494495119,2.1382289384934073e6
Zacatenco,Gustavo A. Madero,STE Trolebús,08,485702.0158280356,2.1556421441128054e6
Edif. 1 ESIME,Gustavo A. Madero,STE Trolebús,08,485681.2010762068,2.155910972081666e6
Edif. 2 ESIME,Gustavo A. Madero,STE Trolebús,08,485696.36351100006,2.155993774805915e6
Edif. 4 ESIME,Gustavo A. Madero,STE Trolebús,08,485722.7154961698,2.1561353012939924e6
Edif. 6 ESIQIE,Gustavo A. Madero,STE Trolebús,08,485748.4499339308,2.1562750916261123e6
Edif. 8 ESIQIE,Gustavo A. Madero,STE Trolebús,08,485774.6503643842,2.1564175056820787e6
Edif. 10 ESIA,Gustavo A. Madero,STE Trolebús,08,485753.59834895784,2.1565877138053873e6
Edif. 11 ESIA,Gustavo A. Madero,STE Trolebús,08,485633.64443038136,2.156605735961166e6
Biblioteca ESIA,Gustavo A. Madero,STE Trolebús,08,485476.3125025134,2.1566331601111484e6
Secretaría de Extensión y Difusión,Gustavo A. Madero,STE Trolebús,08,485338.0551839958,2.156659479160965e6
Central de Inteligencia de Cómputo,Gustavo A. Madero,STE Trolebús,08,485085.76128895674,2.1567059471816765e6
Ma. Luisa Stampa Ortigoza,Gustavo A. Madero,STE Trolebús,08,484976.80672459723,2.156726014662709e6
ESCOM,Gustavo A. Madero,STE Trolebús,08,484773.9902568498,2.156772262723547e6
Juan de Dios Bátiz,Gustavo A. Madero,STE Trolebús,08,484628.7792512719,2.1568738300367356e6
J. Othón de Mendizabal,Gustavo A. Madero,STE Trolebús,08,484138.59470868227,2.1566593313458427e6
Politécnico Poniente,Gustavo A. Madero,STE Trolebús,08,484303.10237107123,2.1562198006171007e6
Montevideo,Gustavo A. Madero,STE Trolebús,08,484628.33457022434,2.15545658855287e6
Otavalo,Gustavo A. Madero,STE Trolebús,08,484614.30106723175,2.1556454651895454e6
Wilfrido Massieu,Gustavo A. Madero,STE Trolebús,08,484463.19898250117,2.1560486414283547e6
Politécnico Oriente,Gustavo A. Madero,STE Trolebús,08,484398.53420479683,2.1562211824088763e6
J. Othón de Mendizabal,Gustavo A. Madero,STE Trolebús,08,484225.829447981,2.156681999706014e6
Av. Central,Gustavo A. Madero,STE Trolebús,08,484432.76280241815,2.156808401851129e6
Juan de Dios Bátiz,Gustavo A. Madero,STE Trolebús,08,484596.34802173177,2.156855145301909e6
ESCOM,Gustavo A. Madero,STE Trolebús,08,484739.8621422641,2.1567668911655163e6
Ma. Luisa Stampa Ortigoza,Gustavo A. Madero,STE Trolebús,08,484972.6050686369,2.1566943117216057e6
Central de Inteligencia de Cómputo,Gustavo A. Madero,STE Trolebús,08,485077.5618644696,2.1566747937067514e6
Cancha de Entrenamiento Pieles Rojas,Gustavo A. Madero,STE Trolebús,08,485362.93536108144,2.1566217249740246e6
Edif 11 ESIA,Gustavo A. Madero,STE Trolebús,08,485621.1715807494,2.1565740889025186e6
Manuel de Anda y Barredo,Gustavo A. Madero,STE Trolebús,08,485732.9146721652,2.156553508462854e6
Edif. 8 ESIQIE,Gustavo A. Madero,STE Trolebús,08,485755.40901858406,2.156421107951732e6
Edif. 6 ESIQIE,Gustavo A. Madero,STE Trolebús,08,485729.1434885873,2.156278512114939e6
Edif. 4 ESIME,Gustavo A. Madero,STE Trolebús,08,485703.2455991339,2.1561379122024975e6
Edif. 2 ESIME,Gustavo A. Madero,STE Trolebús,08,485677.25201649056,2.1559967927707285e6
Edif. 1 ESIME,Gustavo A. Madero,STE Trolebús,08,485662.03211046784,2.155914163741903e6
CENLEX,Gustavo A. Madero,STE Trolebús,08,485383.34143351443,2.155709253179665e6
Planetario,Gustavo A. Madero,STE Trolebús,08,485287.0476742766,2.155740663689974e6
Centro de Formación Educativa,Gustavo A. Madero,STE Trolebús,08,485109.95842931105,2.155827386592925e6
Escuela Nacional de Ciencias Biológicas,Gustavo A. Madero,STE Trolebús,08,484701.646017866,2.156016827882463e6
Via Ceti,Gustavo A. Madero,STE Trolebús,08,484893.93564413756,2.155895641333977e6
Centro de Formación Educativa,Gustavo A. Madero,STE Trolebús,08,485095.20304871834,2.155798145430867e6
Av. 45 Metros,Gustavo A. Madero,STE Trolebús,08,485235.60733184597,2.1557301322202203e6
CENLEX,Gustavo A. Madero,STE Trolebús,08,485377.68150281406,2.1556781762542734e6
Oroya,Gustavo A. Madero,STE Trolebús,08,485692.780370907,2.155601079113915e6
El Queso,Gustavo A. Madero,STE Trolebús,08,485833.3731054382,2.1555993838593415e6
Cetram Pantitlán,Venustiano Carranza,STE Trolebús,02,492290.94189738814,2.14687567666266e6
Calzada Ignacio Zaragoza,Venustiano Carranza,STE Trolebús,02,491916.3727020518,2.146139411765466e6
Puebla,Venustiano Carranza,STE Trolebús,02,491349.13775365084,2.145912572413253e6
Puerta 8,Venustiano Carranza,STE Trolebús,02,491020.68817937456,2.145960868366867e6
Ciudad Deportiva,Venustiano Carranza,STE Trolebús,02,490442.49662844365,2.1460461320112245e6
Velódromo,Venustiano Carranza,STE Trolebús,02,488972.92796105053,2.1460175379762943e6
ESEF,Iztacalco,STE Trolebús,02,489217.5144808257,2.1457997857417814e6
Palacio de los Deportes,Iztacalco,STE Trolebús,02,489383.3967326681,2.145476973153198e6
Av. Río Churubusco,Iztacalco,STE Trolebús,02,489631.38935072604,2.145408627944185e6
Ciudad Deportiva,Iztacalco,STE Trolebús,02,490381.23249665706,2.1460094204826206e6
Puerta 8,Iztacalco,STE Trolebús,02,490968.1832495093,2.1459184596823677e6
Puebla,Iztacalco,STE Trolebús,02,491316.3768768771,2.145867053912679e6
Calzada Ignacio Zaragoza,Iztacalco,STE Trolebús,02,491906.322145558,2.1459910446953564e6
Tejocotes,Benito Juárez,STE Trolebús,03,481375.87991662306,2.142152887400314e6
Augusto Rodín,Benito Juárez,STE Trolebús,03,480799.2713899009,2.142297489264316e6
Patriotismo,Benito Juárez,STE Trolebús,03,480407.60737084685,2.1424105710537983e6
SAT,Cuauhtémoc,STE Trolebús,05,484761.65666925034,2.149210488032876e6
Agrario,Iztapalapa,STE Trolebús,07,488633.782153869,2.1376418405364435e6
Javier Sorondo,Benito Juárez,STE Trolebús,09,485711.6213520748,2.1437059925924903e6
José Revueltas,Benito Juárez,STE Trolebús,09,485942.5061414445,2.143676257890883e6
Francisco Fernández del Castillo,Benito Juárez,STE Trolebús,09,485957.0154172061,2.1435408541320916e6
Playa Hornos,Iztacalco,STE Trolebús,09,486050.8957563516,2.1433585134296417e6
Playa Ola Verde,Iztacalco,STE Trolebús,09,486224.507648046,2.1433255711845024e6
Andrés Molina Enríquez,Iztacalco,STE Trolebús,09,486377.87570248643,2.143296470136201e6
Playa Miramar,Iztacalco,STE Trolebús,09,486520.8152467931,2.1432694792801174e6
Playa Mirador,Iztacalco,STE Trolebús,09,486718.8922265239,2.14323209259843e6
Playa Cortés,Iztacalco,STE Trolebús,09,486870.4897888147,2.143203478825069e6
Calzada de la Viga,Iztacalco,STE Trolebús,09,487109.80081730924,2.1431583092891704e6
Escuela Secundaria Mártires de Río Blanco,Iztapalapa,STE Trolebús,09,487409.7962564647,2.143122761462253e6
Antropólogos,Iztapalapa,STE Trolebús,09,487629.002223306,2.1431102825268214e6
Valentín Gómez Farías,Iztacalco,STE Trolebús,09,487670.1479874471,2.143264099262623e6
Juan Álvarez,Iztacalco,STE Trolebús,09,487702.5314023984,2.1434640067747077e6
Estudios Churubusco,Iztacalco,STE Trolebús,09,487714.2356346903,2.1436624246671167e6
Canal de Tezontle,Iztacalco,STE Trolebús,09,487724.76602130575,2.1438067404353633e6
Estudios San Ángel Inn,Iztacalco,STE Trolebús,09,487882.0895670725,2.143829568772485e6
Iztacalco,Iztacalco,STE Trolebús,09,488217.5780080241,2.143793236125306e6
Corales,Iztacalco,STE Trolebús,09,488546.52335950884,2.1437372376132673e6
Zacate,Iztacalco,STE Trolebús,09,488810.8246825235,2.1436682856767136e6
Maguey,Iztacalco,STE Trolebús,09,489086.6504036362,2.143598274998359e6
Río Churubusco,Iztacalco,STE Trolebús,09,489381.4566785302,2.143523446634981e6
Girasol,Iztacalco,STE Trolebús,09,489382.08830647205,2.1432649035395253e6
Apatlaco,Iztacalco,STE Trolebús,09,489339.41963893047,2.142944475610374e6
Chinampas,Iztacalco,STE Trolebús,09,489188.047556016,2.142928872824407e6
Raíz del Agua,Iztacalco,STE Trolebús,09,488914.2547266755,2.142966904203569e6
Joaquín García,Iztacalco,STE Trolebús,09,488084.0819922903,2.1430763466735934e6
José María Mata,Iztacalco,STE Trolebús,09,487863.4707352574,2.1431062546136873e6
Melchor Ocampo,Iztacalco,STE Trolebús,09,487660.33950446243,2.143123429024748e6
Escuela Secundaria Mártires de Río Blanco,Iztacalco,STE Trolebús,09,487408.33697912394,2.1431338330035536e6
Calzada de la Viga,Iztacalco,STE Trolebús,09,487202.36374812404,2.143147582337154e6
Playa Cortés,Iztacalco,STE Trolebús,09,486896.97632484266,2.1432058182213083e6
Playa Mirador,Iztacalco,STE Trolebús,09,486711.89433588414,2.1432410211356343e6
Playa Miramar,Iztacalco,STE Trolebús,09,486555.29161233,2.143270807244437e6
Playa Ola Verde,Iztacalco,STE Trolebús,09,486213.54259228794,2.1433352176746624e6
Plutarco Elías Calles,Iztacalco,STE Trolebús,09,485977.2397189069,2.143379517948675e6
Javier Sorondo,Benito Juárez,STE Trolebús,09,485754.13198371296,2.143409321184763e6
Virginia,Benito Juárez,STE Trolebús,09,485593.1385470092,2.143431386275073e6
Tlalpan,Benito Juárez,STE Trolebús,09,485417.31513441773,2.1435703256108398e6
Villa de Cortés,Benito Juárez,STE Trolebús,09,485524.09802637517,2.1437238132960587e6
Lomas Estrella,Iztapalapa,STE Trolebús,07,489932.794376786,2.136474210420685e6
Calle 11,Iztapalapa,STE Trolebús,07,490977.95203225594,2.1362919275143594e6
Periférico Oriente,Iztapalapa,STE Trolebús,07,492160.21609005233,2.135959313763449e6
Tezonco,Iztapalapa,STE Trolebús,07,493143.74021004577,2.134718290622662e6
Olivos,Tláhuac,STE Trolebús,07,493751.7281846434,2.134498207229742e6
Nopalera,Tláhuac,STE Trolebús,07,495168.6742412007,2.1340168295404045e6
Zapotitlán,Tláhuac,STE Trolebús,07,496393.3921124266,2.133661166725757e6
Tlaltenco,Tláhuac,STE Trolebús,07,497477.2899695642,2.1333965386896245e6
Tláhuac,Tláhuac,STE Trolebús,07,498452.4256091284,2.1325269983170563e6
